Dataset,Outcome,N,Mean Crashes 150m,Median Crashes 150m,Mean Injuries 150m,Median Injuries 150m,Mean Ped Injuries 150m,Median Ped Injuries 150m,Mann-Whitney p-value (crashes),Source Dataset
Signal Studies,denied,371,17.5,11.0,22.2,15.0,4.0,2.0,0.002085,data_cb5_signal_studies.csv
Signal Studies,approved,40,10.5,8.0,12.5,9.0,3.1,2.0,0.002085,data_cb5_signal_studies.csv
SRTS,denied,425,12.9,9.0,15.7,11.0,3.3,2.0,0.612418,srts_citywide.csv
SRTS,approved,6,9.7,7.0,12.2,9.0,2.2,2.0,0.612418,srts_citywide.csv
